qseqid,sseqid,pident,sseq_name
A00470:566:HF2L2DRX3:1:1175:29866:17675_ATAGCCACCT,DQ150561.1,100.0,"Herbaspirillum huttiense strain 266 23S ribosomal RNA gene, partial sequence"
A00470:566:HF2L2DRX3:1:1175:29866:17675_ATAGCCACCT,DQ150560.1,100.0,"Herbaspirillum putei strain 7-2 23S ribosomal RNA gene, partial sequence"
A00470:566:HF2L2DRX3:1:1175:29866:17675_ATAGCCACCT,DQ150559.1,100.0,"Herbaspirillum rubrisubalbicans strain LMG2286 23S ribosomal RNA gene, partial sequence"
A00470:566:HF2L2DRX3:1:1175:29866:17675_ATAGCCACCT,NR_076749.1,100.0,"Herbaspirillum seropedicae strain SmR1 23S ribosomal RNA gene, complete sequence"
A00470:566:HF2L2DRX3:1:1175:29866:17675_ATAGCCACCT,CP002039.1,100.0,"Herbaspirillum seropedicae SmR1, complete genome"
A00470:566:HF2L2DRX3:1:2160:30599:32503_TACCATCCCC,OL636285.1,100.0,"Paucibacter toxinivorans strain S_WE.SI086 16S ribosomal RNA gene, partial sequence"
A00470:566:HF2L2DRX3:1:2160:30599:32503_TACCATCCCC,OL636248.1,100.0,"Methylibium petroleiphilum strain S_WE.AB6.039 16S ribosomal RNA gene, partial sequence"
A00470:566:HF2L2DRX3:1:2160:30599:32503_TACCATCCCC,KJ676717.1,100.0,"Methylibium petroleiphilum strain X3b-1 16S ribosomal RNA gene, partial sequence"
A00470:566:HF2L2DRX3:1:2160:30599:32503_TACCATCCCC,KF101845.1,100.0,"Uncultured bacterium clone ncd2722h01c1 16S ribosomal RNA gene, partial sequence"
A00470:566:HF2L2DRX3:1:2160:30599:32503_TACCATCCCC,KF098067.1,100.0,"Uncultured bacterium clone ncd1373h06c1 16S ribosomal RNA gene, partial sequence"
A00470:566:HF2L2DRX3:1:2247:7129:3035_GAGCCAGAGT,CP086306.1,100.0,"Burkholderia ambifaria strain B21-004 chromosome 3, complete sequence"
A00470:566:HF2L2DRX3:1:2247:7129:3035_GAGCCAGAGT,CP086305.1,100.0,"Burkholderia ambifaria strain B21-004 chromosome 2, complete sequence"
A00470:566:HF2L2DRX3:1:2247:7129:3035_GAGCCAGAGT,CP086304.1,100.0,"Burkholderia ambifaria strain B21-004 chromosome 1, complete sequence"
A00470:566:HF2L2DRX3:1:2247:7129:3035_GAGCCAGAGT,CP086303.1,100.0,"Burkholderia sp. B21-005 chromosome 3, complete sequence"
A00470:566:HF2L2DRX3:1:2247:7129:3035_GAGCCAGAGT,CP086302.1,100.0,"Burkholderia sp. B21-005 chromosome 2, complete sequence"
A00470:566:HF2L2DRX3:2:1233:16260:12868_CGCCATCCTC,AF116627.2,100.0,"Homo sapiens PRO1181 mRNA, complete cds"
A00470:566:HF2L2DRX3:2:1233:16260:12868_CGCCATCCTC,AK311884.1,100.0,"Homo sapiens cDNA, FLJ92150, Homo sapiens ribosomal protein L29 (RPL29), mRNA"
A00470:566:HF2L2DRX3:2:1233:16260:12868_CGCCATCCTC,BC070481.1,100.0,"Homo sapiens ribosomal protein L29, mRNA (cDNA clone MGC:87861 IMAGE:6025704), complete cds"
A00470:566:HF2L2DRX3:2:1233:16260:12868_CGCCATCCTC,BC070190.1,100.0,"Homo sapiens ribosomal protein L29, mRNA (cDNA clone MGC:88171 IMAGE:6452382), complete cds"
A00470:566:HF2L2DRX3:2:1233:16260:12868_CGCCATCCTC,BC008926.2,100.0,"Homo sapiens ribosomal protein L29, mRNA (cDNA clone MGC:16301 IMAGE:3835176), complete cds"
A00470:566:HF2L2DRX3:2:1228:21685:33066_GACTGCGCCC,CP076413.1,100.0,"Ralstonia wenshanensis strain 56D2 chromosome, complete genome"
A00470:566:HF2L2DRX3:2:1228:21685:33066_GACTGCGCCC,CP076412.1,100.0,"Ralstonia wenshanensis strain 56D2 plasmid p56D2, complete sequence"
A00470:566:HF2L2DRX3:2:1228:21685:33066_GACTGCGCCC,OL813217.1,100.0,"Burkholderia sp. strain PSB3 16S ribosomal RNA gene, partial sequence"
A00470:566:HF2L2DRX3:2:1228:21685:33066_GACTGCGCCC,OL813216.1,100.0,"Burkholderia sp. strain PSB1 16S ribosomal RNA gene, partial sequence"
A00470:566:HF2L2DRX3:2:1228:21685:33066_GACTGCGCCC,OL721603.1,100.0,"Burkholderia sp. strain UWIGT_64 16S ribosomal RNA gene, partial sequence"
A00470:566:HF2L2DRX3:2:2138:2103:32503_TAATATCCAG,CP089448.1,97.015,"Klebsiella michiganensis strain 8-1 chromosome, complete genome"
A00470:566:HF2L2DRX3:2:2138:2103:32503_TAATATCCAG,CP089445.1,97.015,"Escherichia coli strain 5-1 chromosome, complete genome"
A00470:566:HF2L2DRX3:2:2138:2103:32503_TAATATCCAG,CP089385.1,97.015,"Klebsiella variicola subsp. variicola strain KPN692 chromosome, complete genome"
A00470:566:HF2L2DRX3:2:2138:2103:32503_TAATATCCAG,CP089315.1,97.015,"Klebsiella michiganensis strain K92 chromosome, complete genome"
A00470:566:HF2L2DRX3:2:2138:2103:32503_TAATATCCAG,CP089313.1,97.015,"Salmonella enterica subsp. enterica serovar Indiana strain YZ21MCS4 chromosome, complete genome"
A00470:566:HF2L2DRX3:2:2210:22634:25535_GACCACACGA,KF557648.1,100.0,"Uncultured bacterium clone G(3M)26 16S ribosomal RNA gene, partial sequence"
A00470:566:HF2L2DRX3:2:2210:22634:25535_GACCACACGA,KF557617.1,100.0,"Uncultured bacterium clone T(1F)49 16S ribosomal RNA gene, partial sequence"
A00470:566:HF2L2DRX3:2:2210:22634:25535_GACCACACGA,KJ600831.1,100.0,"Uncultured bacterium clone 15A 16S ribosomal RNA gene, partial sequence"
A00470:566:HF2L2DRX3:2:2210:22634:25535_GACCACACGA,KJ600830.1,100.0,"Uncultured bacterium clone 75A 16S ribosomal RNA gene, partial sequence"
A00470:566:HF2L2DRX3:2:2210:22634:25535_GACCACACGA,KF071073.1,100.0,"Uncultured bacterium clone ncd190c07c1 16S ribosomal RNA gene, partial sequence"
